,Player,Tm,G,Year,ID
0,Al Attles,SFW,71,1963,attleal01
1,Dick Barnett,LAL,80,1963,barnedi01
2,John Barnhill,STL,77,1963,barnhjo01
3,Elgin Baylor,LAL,80,1963,bayloel01
4,Zelmo Beaty,STL,80,1963,beatyze01
5,Walt Bellamy,CHZ,80,1963,bellawa01
6,Al Bianchi,SYR,61,1963,biancal01
7,Bucky Bockhorn,CIN,80,1963,bockhbu01
8,Bob Boozer,CIN,79,1963,boozebo01
9,Bill Bridges,STL,27,1963,bridgbi01
10,Joe Buckhalter,CIN,2,1963,buckhjo01
11,Cleveland Buckner,NYK,6,1963,buckncl01
12,Dave Budd,NYK,78,1963,buddda01
13,Donnie Butcher,NYK,68,1963,butchdo01
14,Al Butler,NYK,74,1963,butleal01
16,Barney Cable,STL,42,1963,cableba01
17,Barney Cable,CHZ,19,1963,cableba01
18,Wilt Chamberlain,SFW,80,1963,chambwi01
19,Len Chappell,SYR,80,1963,chapple01
20,Gene Conley,NYK,70,1963,conlege01
21,Larry Costello,SYR,78,1963,costela01
22,Bob Cousy,BOS,76,1963,cousybo01
23,Johnny Cox,CHZ,73,1963,coxjo01
24,Dave DeBusschere,DET,80,1963,debusda01
25,Terry Dischinger,CHZ,57,1963,dischte01
26,Danny Doyle,DET,4,1963,doyleda01
27,Bob Duffy,STL,42,1963,duffybo02
28,Walter Dukes,DET,62,1963,dukeswa01
29,Johnny Egan,DET,46,1963,eganjo01
30,Leroy Ellis,LAL,80,1963,ellisle01
31,Wayne Embry,CIN,76,1963,embrywa01
32,Mike Farmer,STL,80,1963,farmemi01
33,Dave Fedor,SFW,7,1963,fedorda01
34,Al Ferrari,CHZ,18,1963,ferraal01
35,Bob Ferry,DET,79,1963,ferrybo01
37,Jack Foley,BOS,5,1963,foleyja01
38,Jack Foley,NYK,6,1963,foleyja01
39,Dave Gambee,SYR,60,1963,gambeda01
41,Tom Gola,SFW,21,1963,golato01
42,Tom Gola,NYK,52,1963,golato01
43,Johnny Green,NYK,80,1963,greenjo01
44,Si Green,CHZ,73,1963,greensi01
45,Hal Greer,SYR,80,1963,greerha01
46,Gene Guarilia,BOS,11,1963,guarige01
47,Richie Guerin,NYK,79,1963,gueriri01
48,Dave Gunther,SFW,1,1963,gunthda01
49,Cliff Hagan,STL,79,1963,hagancl01
50,Charlie Hardnett,CHZ,78,1963,hardnch01
51,John Havlicek,BOS,80,1963,havlijo01
52,Tom Hawkins,CIN,79,1963,hawkito01
53,Tom Heinsohn,BOS,76,1963,heinsto01
54,Wayne Hightower,SFW,66,1963,hightwa01
55,Paul Hogue,NYK,50,1963,hoguedu01
56,Ron Horn,LAL,28,1963,hornro01
57,Bailey Howell,DET,79,1963,howelba01
58,Hot Rod Hundley,LAL,65,1963,hundlho01
59,Darrall Imhoff,DET,45,1963,imhofda01
60,Howie Jolliff,LAL,28,1963,jolifho01
61,K.C. Jones,BOS,79,1963,joneskc01
62,Sam Jones,BOS,76,1963,jonessa01
63,Willie Jones,DET,79,1963,joneswi01
64,Phil Jordon,STL,73,1963,jordoph01
65,Red Kerr,SYR,80,1963,kerrre01
66,Maurice King,CHZ,37,1963,kingma01
67,Jim Krebs,LAL,79,1963,krebsji01
68,Fred LaCour,SFW,16,1963,lacoufr01
69,Rudy LaRusso,LAL,75,1963,larusru01
70,George Lee,SFW,64,1963,leege01
71,Slick Leonard,CHZ,32,1963,leonasl01
72,Jim Loscutoff,BOS,63,1963,loscuji01
73,Kevin Loughery,DET,57,1963,loughke01
74,Clyde Lovellette,BOS,61,1963,lovelcl01
75,Ted Luckenbill,SFW,20,1963,luckete01
77,Nick Mantis,STL,9,1963,mantini01
78,Nick Mantis,CHZ,33,1963,mantini01
79,Bill McGill,CHZ,60,1963,mcgilbi01
80,Porter Meriwether,SYR,31,1963,meriwpo01
81,Tom Meschery,SFW,64,1963,meschto01
82,Howie Montgomery,SFW,20,1963,montgho01
83,Jackie Moreland,DET,78,1963,morelja01
85,Willie Naulls,NYK,23,1963,naullwi01
86,Willie Naulls,SFW,47,1963,naullwi01
87,Don Nelson,CHZ,62,1963,nelsodo01
88,Paul Neumann,SYR,80,1963,neumapa01
90,Bevo Nordmann,STL,27,1963,nordmbe01
91,Bevo Nordmann,NYK,26,1963,nordmbe01
92,Mel Nowell,CHZ,39,1963,nowelme01
93,Don Ohl,DET,80,1963,ohldo01
94,Bud Olsen,CIN,52,1963,olsenbu01
95,Bob Pettit,STL,79,1963,pettibo01
96,Gary Phillips,SFW,75,1963,phillga01
97,Dave Piontek,CIN,48,1963,piontda01
98,Frank Ramsey,BOS,77,1963,ramsefr01
99,Hub Reed,CIN,80,1963,reedhu01
100,Joe Roberts,SYR,33,1963,roberjo01
101,Oscar Robertson,CIN,80,1963,roberos01
102,Guy Rodgers,SFW,79,1963,rodgegu01
103,John Rudometkin,NYK,56,1963,rudomjo01
104,Bill Russell,BOS,78,1963,russebi01
105,Tom Sanders,BOS,80,1963,sandeto01
107,Woody Sauldsberry,CHZ,54,1963,sauldwo01
108,Woody Sauldsberry,STL,23,1963,sauldwo01
109,Dolph Schayes,SYR,66,1963,schaydo01
110,Ray Scott,DET,76,1963,scottra01
112,Kenny Sears,NYK,23,1963,searske01
113,Kenny Sears,SFW,54,1963,searske01
114,Frank Selvy,LAL,80,1963,selvyfr01
115,Lee Shaffer,SYR,80,1963,shaffle01
116,Gene Shue,NYK,78,1963,shuege01
117,Jeff Slade,CHZ,3,1963,sladeje01
118,Adrian Smith,CIN,79,1963,smithad01
119,Larry Staverman,CHZ,33,1963,stavela01
120,Tom Stith,NYK,25,1963,stithto01
121,Dan Swartz,BOS,39,1963,swartda01
122,Dan Tieman,CIN,29,1963,tiemada01
123,Gene Tormohlen,STL,7,1963,tormobu01
124,Jack Twyman,CIN,80,1963,twymaja01
125,Chico Vaughn,STL,77,1963,vaughch01
126,Chet Walker,SYR,78,1963,walkech01
127,Ben Warley,SYR,26,1963,warlebe01
128,Ralph Wells,CHZ,3,1963,wellsra01
129,Jerry West,LAL,55,1963,westje01
130,Hubie White,SFW,29,1963,whitehu01
131,Gene Wiley,LAL,75,1963,wileyge01
132,Lenny Wilkens,STL,75,1963,wilkele01
